{"manavbdodia@gmail.com": {"Iron Man": 1320.13381634232, "Iron Man 2": 2316.619170042332, "The Avengers": 0.0, "Iron Man 3": 1267.5274897093743, "The Lego Movie": 957.0710877220523, "Finding Dory": 1742.1683595896811, "Finding Nemo": 1836.2822808, "The Lego Batman Movie": 6.448997312332864, "Toy Story": 4263.948761708335}, "basketballghost102@gmail.com": {"Iron Man": 2782.6288202469855}}